Gender,annual_income,Profession,work_experience,family_size,churn,age_group
1,15000,Healthcare,1,4,1,18-24
1,35000,Engineer,3,3,0,18-24
0,86000,Engineer,1,1,1,18-24
0,59000,Lawyer,0,2,0,18-24
0,38000,Entertainment,2,6,1,25-34
0,58000,Artist,0,2,0,18-24
0,31000,Healthcare,1,3,1,35-49
0,84000,Healthcare,1,3,0,18-24
1,97000,Engineer,0,3,1,50-64
0,98000,Artist,1,4,0,25-34
1,7000,Engineer,1,3,1,65+
0,93000,Healthcare,4,4,0,35-49
0,80000,Executive,0,5,1,50-64
0,91000,Lawyer,1,1,0,18-24
1,19000,Doctor,0,1,1,35-49
1,51000,Healthcare,1,2,0,18-24
0,29000,Homemaker,9,5,1,35-49
1,89000,Healthcare,1,6,0,18-24
1,20000,Entertainment,1,4,1,50-64
0,62000,Artist,0,1,0,35-49
1,96000,Homemaker,12,1,1,35-49
1,4000,Healthcare,3,4,0,25-34
0,42000,Artist,13,2,1,35-49
1,71000,Artist,5,2,0,25-34
0,67000,Executive,1,3,1,50-64
1,52000,Artist,1,3,0,25-34
0,68000,Healthcare,9,8,1,35-49
1,78000,Artist,1,3,0,35-49
0,18000,Artist,0,1,1,35-49
0,20000,Artist,5,4,0,18-24
1,39000,Artist,0,3,1,50-64
0,34000,Doctor,1,2,0,18-24
1,59000,Healthcare,1,3,1,50-64
1,62000,Homemaker,9,7,0,18-24
0,91000,Lawyer,1,2,1,35-49
0,95000,Healthcare,3,4,0,18-24
0,14000,Doctor,5,1,1,35-49
0,62000,Healthcare,1,5,0,25-34
0,9000,Artist,8,2,1,35-49
0,69000,Artist,8,2,0,18-24
0,25000,Artist,4,1,1,65+
1,85000,Healthcare,0,2,0,18-24
1,22000,Artist,14,3,1,35-49
0,33000,Artist,1,2,0,25-34
0,72000,Engineer,8,1,1,35-49
0,3000,Lawyer,4,2,0,18-24
0,52000,Artist,0,4,0,50-64
0,71000,Healthcare,12,1,1,25-34
0,78000,Healthcare,0,4,1,25-34
0,25000,Engineer,1,1,1,25-34
0,88000,Artist,1,2,0,35-49
1,97000,Artist,1,2,0,25-34
0,74000,Artist,1,1,0,25-34
1,68000,Entertainment,0,2,0,50-64
0,18000,Marketing,1,1,1,50-64
1,95000,Artist,14,2,1,35-49
0,71000,Healthcare,9,4,1,50-64
1,8000,Doctor,8,2,1,65+
0,57000,Artist,1,3,0,25-34
1,89000,Lawyer,1,6,1,50-64
1,84000,Artist,0,2,0,65+
1,50000,Artist,9,2,0,18-24
0,50000,Lawyer,0,3,0,65+
0,48000,Lawyer,1,2,0,50-64
1,63000,Lawyer,7,2,0,50-64
1,9000,Entertainment,0,2,0,18-24
0,3000,Doctor,0,2,1,35-49
0,82000,Artist,8,4,1,65+
1,81000,Artist,0,4,0,18-24
0,97000,Homemaker,2,2,1,25-34
1,91000,Healthcare,8,2,0,65+
0,9000,Entertainment,8,2,1,35-49
0,44000,Artist,0,5,1,50-64
0,10000,Healthcare,8,4,0,50-64
1,89000,Artist,0,4,1,50-64
1,49000,Homemaker,0,3,0,25-34
0,67000,Doctor,0,2,0,35-49
1,99000,Artist,4,3,1,35-49
0,97000,Engineer,2,2,0,18-24
0,98000,Artist,1,1,1,35-49
1,52000,Healthcare,0,4,0,50-64
1,61000,Healthcare,6,3,0,35-49
1,120000,Artist,8,1,1,65+
0,34000,Entertainment,8,4,1,35-49
0,24000,Marketing,1,3,0,18-24
1,31000,Healthcare,7,5,1,35-49
0,11000,Artist,0,3,0,50-64
0,55000,Artist,5,2,0,18-24
0,76000,Entertainment,7,3,0,25-34
0,56000,Doctor,0,2,1,50-64
0,46000,Entertainment,0,3,0,65+
1,36000,Artist,1,4,1,18-24
1,88000,Artist,1,2,1,35-49
0,31000,Entertainment,1,2,1,35-49
0,24000,Artist,0,1,1,25-34
1,80000,Artist,10,1,0,18-24
0,2000,Artist,0,1,1,35-49
0,67000,Artist,0,2,1,25-34
1,58000,Doctor,1,2,1,35-49
1,80000,Engineer,3,3,1,18-24
0,65000,Artist,0,4,1,18-24
0,4000,Executive,1,7,1,35-49
1,98000,Artist,0,3,0,65+
1,52000,Executive,0,5,0,25-34
1,86000,Healthcare,10,2,0,35-49
0,82000,Doctor,1,2,1,18-24
0,43000,Homemaker,3,2,1,65+
1,78000,Lawyer,1,1,1,50-64
1,13000,Healthcare,6,5,1,65+
1,13000,Healthcare,9,3,1,65+
1,34000,Entertainment,4,4,0,65+
0,25000,Artist,0,1,0,18-24
0,71000,Doctor,1,5,1,35-49
1,2000,Artist,1,1,1,18-24
0,97000,Executive,0,3,1,18-24
0,51000,Executive,8,4,1,18-24
0,9000,Lawyer,1,1,1,50-64
0,79000,Artist,0,2,0,35-49
0,84000,Artist,2,7,1,50-64
0,87000,Artist,1,2,0,50-64
1,36000,Executive,0,3,0,25-34
0,50000,Executive,1,4,1,35-49
0,97000,Engineer,9,4,0,35-49
1,6000,Healthcare,1,3,0,35-49
0,12000,Entertainment,9,2,1,18-24
0,46000,Marketing,1,2,0,25-34
1,89000,Engineer,0,7,1,35-49
1,4000,Artist,0,2,0,35-49
1,38000,Engineer,0,2,1,50-64
1,64000,Entertainment,8,5,0,35-49
1,66000,Executive,9,5,1,35-49
1,26000,Lawyer,0,2,0,35-49
0,41000,Healthcare,6,4,1,25-34
0,45000,Artist,5,1,0,25-34
1,89000,Engineer,1,2,1,18-24
0,92000,Executive,5,5,0,25-34
0,76000,Artist,5,2,1,35-49
1,85000,Artist,3,4,0,25-34
1,22000,Marketing,8,4,1,18-24
0,15000,Artist,4,4,0,35-49
0,32000,Engineer,0,2,1,50-64
1,66000,Artist,0,5,0,25-34
0,62000,Doctor,5,3,1,25-34
0,85000,Lawyer,1,2,0,25-34
1,71000,Engineer,0,5,1,25-34
1,26000,Marketing,8,5,0,25-34
1,52000,Engineer,9,2,1,35-49
0,38000,Lawyer,1,1,0,25-34
0,51000,Healthcare,7,4,1,25-34
1,90000,Artist,6,3,0,25-34
1,30000,Lawyer,0,9,1,35-49
1,41000,Engineer,0,1,0,35-49
0,17000,Engineer,0,2,1,35-49
0,92000,Artist,2,2,0,35-49
0,80000,Healthcare,0,4,1,35-49
0,10000,Marketing,8,4,0,25-34
1,16000,Executive,1,1,1,35-49
0,87000,Artist,3,4,0,25-34
1,66000,Lawyer,1,2,1,25-34
0,86000,Artist,3,3,0,25-34
0,9000,Artist,1,1,1,50-64
0,50000,Healthcare,1,5,0,25-34
1,35000,Executive,0,5,1,18-24
0,58000,Healthcare,1,5,0,25-34
1,47000,Doctor,0,2,1,50-64
0,54000,Artist,5,3,0,35-49
1,79000,Homemaker,9,3,1,35-49
0,83000,Artist,0,5,0,25-34
0,57000,Artist,0,3,1,35-49
1,0,Artist,2,2,0,25-34
1,69000,Artist,3,5,1,35-49
1,4000,Executive,0,2,0,25-34
1,79000,Lawyer,0,2,1,35-49
1,99000,Artist,5,2,0,35-49
0,20000,Lawyer,0,2,1,50-64
0,28000,Artist,3,4,0,25-34
1,29000,Engineer,11,1,1,50-64
1,45000,Healthcare,2,6,0,25-34
1,86000,Healthcare,4,3,1,50-64
1,42000,Engineer,8,1,0,35-49
0,59000,Artist,7,2,1,35-49
0,61000,Entertainment,7,5,0,25-34
1,11000,Artist,7,1,1,35-49
0,66000,Artist,4,4,0,25-34
0,39000,Artist,1,1,1,35-49
1,72000,Artist,6,2,0,25-34
0,14000,Lawyer,1,2,1,50-64
1,44000,Doctor,5,3,0,25-34
0,76000,Engineer,8,2,1,35-49
0,95000,Artist,4,2,0,35-49
0,92000,Artist,5,3,1,25-34
0,98000,Artist,8,2,0,25-34
1,96000,Executive,9,2,1,25-34
0,45000,Artist,10,4,0,35-49
0,8000,Artist,7,2,1,35-49
0,46000,Executive,1,3,0,35-49
0,78000,Artist,0,2,1,35-49
1,4000,Artist,1,5,0,25-34
1,81000,Executive,1,2,1,25-34
1,33000,Artist,4,2,0,25-34
0,40000,Healthcare,0,3,1,18-24
1,85000,Healthcare,9,3,1,25-34
0,60000,Engineer,6,8,1,
0,60000,Healthcare,4,2,1,65+
0,63000,Entertainment,0,2,0,50-64
0,10000,Healthcare,8,3,0,50-64
0,55000,Healthcare,0,3,0,18-24
1,93000,Artist,2,1,1,35-49
0,15000,Doctor,0,2,1,35-49
0,39000,Engineer,9,4,1,
0,57000,Engineer,1,2,0,
0,22000,Artist,2,1,0,
1,12000,Marketing,2,4,0,
1,50000,Lawyer,8,1,0,35-49
1,95000,Doctor,2,4,0,35-49
0,66000,Healthcare,3,3,0,35-49
1,20000,Doctor,6,2,1,65+
0,35000,Doctor,8,2,0,
0,71000,Executive,9,2,1,65+
0,76000,Artist,9,1,0,50-64
0,84000,Artist,5,3,1,35-49
0,72000,Engineer,4,2,0,
1,33000,Artist,4,3,0,35-49
0,93000,Healthcare,1,5,1,
0,83000,Homemaker,4,1,1,35-49
0,23000,Engineer,1,1,1,65+
0,40000,Artist,5,4,0,25-34
1,89000,Healthcare,9,4,0,65+
1,33000,Marketing,1,1,0,
1,94000,Healthcare,7,2,1,
0,93000,Lawyer,8,2,0,
1,7000,Healthcare,0,4,1,
0,18000,Lawyer,0,2,0,65+
0,3000,Healthcare,0,4,1,65+
0,84000,Artist,9,1,0,
0,62000,Healthcare,0,4,1,25-34
1,9000,Healthcare,1,5,0,
1,36000,Artist,0,4,1,
1,37000,Lawyer,1,4,0,50-64
0,50000,Artist,1,2,1,
1,83000,Executive,1,5,1,
0,79000,Artist,0,3,1,65+
0,40000,Healthcare,1,4,1,
0,47000,Artist,0,6,0,65+
0,4000,Artist,0,4,1,50-64
0,38000,Entertainment,7,2,0,25-34
1,0,Doctor,1,3,0,18-24
0,7000,Artist,1,2,1,25-34
0,41000,Artist,1,2,1,35-49
0,65000,Engineer,0,5,1,
1,20000,Engineer,1,3,0,
0,44000,Doctor,8,1,0,25-34
0,3000,Artist,5,4,1,65+
0,72000,Lawyer,7,3,1,
0,27000,Engineer,4,4,1,35-49
1,85000,Lawyer,4,2,1,50-64
1,38000,Executive,10,1,1,
1,73000,Homemaker,6,7,0,65+
0,64000,Artist,2,3,0,65+
1,26000,Executive,6,4,0,25-34
0,47000,Artist,2,3,1,50-64
0,35000,Doctor,2,6,0,50-64
0,31000,Lawyer,2,3,1,25-34
0,13000,Engineer,3,4,1,50-64
0,79000,Homemaker,1,7,1,35-49
1,82000,Entertainment,2,2,1,
0,28000,Artist,1,1,0,35-49
0,36000,Artist,0,3,0,65+
0,8000,Entertainment,6,6,0,25-34
0,88000,Artist,1,2,1,50-64
1,91000,Entertainment,0,4,1,
0,12000,Doctor,0,3,0,
0,1000,Entertainment,0,3,0,
0,143000,Artist,0,2,0,18-24
0,18000,Artist,1,2,0,35-49
1,65000,Lawyer,1,2,0,65+
1,9000,Executive,7,4,0,
1,95000,Artist,1,1,1,
0,78000,Engineer,9,3,1,65+
1,48000,Healthcare,3,3,0,65+
0,63000,Executive,1,4,0,25-34
0,85000,Marketing,1,2,0,35-49
0,43000,Artist,1,3,0,50-64
0,74000,Artist,1,2,1,50-64
0,67000,Healthcare,0,1,1,25-34
1,59000,Artist,0,1,1,
0,140000,Entertainment,1,1,0,
0,31000,Healthcare,1,2,1,65+
0,5000,Marketing,0,1,0,18-24
0,19000,Engineer,1,3,0,
1,27000,Entertainment,7,1,0,
0,68000,Doctor,6,3,0,
1,38000,Artist,8,8,0,
0,50000,Engineer,6,4,1,35-49
0,80000,Entertainment,2,2,0,65+
0,69000,Executive,9,3,1,65+
0,31000,Engineer,3,3,0,65+
1,87000,Doctor,6,2,1,50-64
1,79000,Artist,1,3,1,
1,32000,Entertainment,5,2,0,25-34
1,153787,Entertainment,3,3,0,
1,95851,Healthcare,5,2,1,25-34
0,145015,Healthcare,6,3,0,25-34
0,148539,Healthcare,5,2,1,35-49
0,117319,Lawyer,1,2,1,
0,180243,Marketing,6,2,1,65+
0,165052,Artist,4,2,1,50-64
0,120487,Doctor,0,2,1,50-64
1,112766,Engineer,8,4,0,25-34
0,156488,Engineer,1,4,0,
1,97562,Executive,5,6,1,50-64
0,77501,Engineer,5,4,1,
0,118302,Lawyer,5,1,0,18-24
0,64277,Executive,9,4,1,
1,53927,Doctor,2,3,0,
1,93921,Lawyer,9,2,0,65+
0,132046,Homemaker,4,4,1,50-64
1,183217,Artist,7,2,0,35-49
1,182937,Marketing,8,1,1,65+
0,68272,Healthcare,8,4,0,25-34
1,69841,Engineer,10,2,1,35-49
1,69078,Lawyer,13,1,0,
0,110667,Healthcare,2,4,0,
1,95469,Doctor,6,1,0,
0,102861,Artist,4,1,1,
1,133551,Artist,3,1,1,
0,64589,Engineer,7,1,0,50-64
1,152755,Engineer,4,2,1,50-64
0,92313,Healthcare,1,5,0,35-49
0,98922,Artist,2,3,1,65+
1,165846,Engineer,0,4,1,18-24
0,93713,Engineer,3,4,0,
1,137641,Healthcare,0,5,0,
1,173743,Artist,0,4,0,
0,116126,Entertainment,10,2,0,65+
0,112246,Healthcare,8,3,1,25-34
0,69384,Healthcare,1,5,0,35-49
0,76529,Healthcare,0,2,0,65+
0,123804,Doctor,14,1,1,
0,68292,Artist,8,2,0,65+
0,173185,Artist,3,1,0,
1,142034,Entertainment,1,4,0,65+
1,107941,Artist,0,1,0,18-24
0,149840,Engineer,1,1,0,
0,148431,Healthcare,1,8,0,
0,126599,Lawyer,0,3,0,65+
0,57180,Healthcare,9,1,1,50-64
0,184426,Artist,9,1,1,
0,151085,Marketing,2,5,1,18-24
0,166107,Artist,13,4,0,
0,67850,Artist,9,4,0,
1,173394,Engineer,13,1,1,
0,72303,Lawyer,7,1,0,50-64
1,181760,Healthcare,14,3,1,18-24
0,146858,Doctor,9,1,0,
1,172923,Engineer,6,1,1,18-24
0,115811,Homemaker,11,4,0,
1,184324,Marketing,13,5,0,18-24
0,67353,Lawyer,9,3,1,65+
1,165999,Healthcare,9,3,0,
1,164914,Artist,8,3,1,
1,63364,Entertainment,1,2,0,
0,182352,Engineer,4,3,0,35-49
0,148544,Entertainment,1,2,0,35-49
1,62833,Artist,1,2,0,35-49
1,120627,Healthcare,0,2,0,65+
0,130898,Artist,1,1,1,50-64
0,103130,Executive,12,3,0,
1,106681,Healthcare,9,5,1,65+
0,87353,Entertainment,1,5,1,35-49
1,88046,Artist,8,1,0,50-64
0,98168,Entertainment,1,2,1,65+
0,178265,Lawyer,2,1,1,25-34
0,167232,Doctor,6,4,0,35-49
1,140478,Doctor,6,4,1,
1,159296,Artist,8,1,0,18-24
0,144043,Doctor,1,1,0,25-34
1,72594,Artist,1,2,0,35-49
0,180288,Artist,2,2,0,
0,165734,Entertainment,0,1,0,65+
1,175407,Artist,5,1,1,
1,70201,Engineer,0,2,1,
1,91503,Artist,0,6,1,25-34
0,184522,Artist,0,2,1,
0,143560,Artist,1,3,0,65+
1,131574,Artist,1,2,0,
0,151124,Artist,15,3,1,18-24
0,67447,Artist,15,2,1,25-34
0,117454,Healthcare,16,2,1,25-34
0,86203,Doctor,13,1,1,18-24
0,136231,Artist,7,1,1,
1,89144,Doctor,12,2,1,
1,119116,Artist,17,4,1,18-24
0,163463,Artist,9,4,1,
0,151696,Artist,15,1,0,65+
1,184736,Lawyer,13,1,0,65+
0,70419,Homemaker,6,4,0,
0,119104,Entertainment,14,3,1,
1,130950,Executive,5,3,1,50-64
1,140950,Artist,15,2,0,
0,82285,Engineer,16,1,1,50-64
0,91389,Healthcare,11,7,0,50-64
1,186359,Doctor,13,2,0,50-64
1,178989,Doctor,14,3,1,
1,166335,Engineer,5,5,1,65+
0,119889,Artist,17,6,1,65+
0,66852,Executive,15,3,0,50-64
1,103896,Executive,16,4,1,18-24
1,187761,Healthcare,2,3,0,18-24
1,102717,Healthcare,7,4,0,35-49
1,102647,Entertainment,0,2,0,
0,113585,Lawyer,0,4,1,
0,86509,Artist,0,4,0,65+
1,59099,Marketing,1,7,1,
0,135088,Lawyer,1,5,1,65+
0,110870,Engineer,1,4,0,
0,187667,Artist,0,1,1,
0,124614,Artist,8,5,1,35-49
0,166492,Homemaker,9,7,1,65+
0,172758,Entertainment,1,2,0,50-64
1,122430,Healthcare,1,1,1,
0,183540,Entertainment,0,6,0,50-64
0,96484,Artist,5,4,1,35-49
1,112587,Artist,1,4,0,25-34
0,155672,Entertainment,7,7,0,50-64
0,72847,Artist,1,2,0,65+
1,71897,Entertainment,2,3,1,35-49
1,158479,Doctor,1,5,0,25-34
1,89251,Entertainment,1,1,1,
1,179911,Engineer,1,1,1,25-34
1,111558,Healthcare,7,4,0,
1,127615,Executive,10,7,0,65+
0,50076,Artist,3,5,1,18-24
0,77779,Artist,4,1,0,25-34
1,169999,Engineer,5,5,1,50-64
0,106581,Doctor,1,7,0,
0,78223,Lawyer,0,1,1,18-24
1,136259,Artist,0,7,1,65+
1,153399,Entertainment,1,6,0,35-49
0,162858,Artist,0,1,0,
0,57373,Artist,0,7,1,
1,133602,Artist,1,1,1,
0,66322,Artist,0,3,0,
0,68761,Lawyer,1,4,1,
1,70749,Artist,13,3,0,
1,65874,Artist,7,6,0,50-64
1,115996,Engineer,15,1,1,
0,67097,Engineer,6,1,0,50-64
0,108027,Artist,13,5,0,
1,176349,Healthcare,8,2,0,
1,88452,Healthcare,8,6,1,
1,128266,Engineer,7,4,0,65+
0,156777,Healthcare,7,2,1,50-64
0,123234,Lawyer,10,7,1,35-49
0,60790,Artist,1,5,1,
0,181332,Artist,14,6,0,
1,187297,Artist,0,1,1,
0,153885,Artist,6,6,0,18-24
1,53500,Marketing,3,4,1,
0,69443,Doctor,4,6,1,
0,124072,Lawyer,0,7,0,35-49
0,135800,Healthcare,0,7,1,
1,120597,Artist,2,4,0,
0,91358,Entertainment,1,4,1,
1,53231,Marketing,0,5,1,50-64
0,156330,Engineer,1,2,1,65+
1,186002,Doctor,15,2,0,
0,111760,Executive,12,5,0,65+
0,143906,Artist,4,3,1,35-49
1,182410,Healthcare,11,4,1,
1,98463,Homemaker,10,5,1,
1,93762,Artist,15,7,1,
1,104582,Healthcare,8,2,1,
1,130813,Artist,17,5,0,18-24
0,59202,Healthcare,5,4,0,
0,79968,Lawyer,9,2,1,25-34
1,104824,Artist,0,7,1,25-34
1,188719,Lawyer,0,6,1,
1,187536,Healthcare,3,6,0,35-49
1,134008,Entertainment,2,1,0,
0,176397,Artist,6,3,0,
0,154888,Healthcare,9,6,1,25-34
1,155622,Healthcare,0,2,0,65+
0,62330,Healthcare,1,1,0,25-34
0,112838,Healthcare,1,7,1,65+
1,58283,Homemaker,2,4,0,18-24
0,77857,Artist,1,6,0,50-64
1,125024,Artist,0,1,1,65+
0,136242,Artist,9,1,1,50-64
0,81934,Healthcare,1,4,0,50-64
0,130511,Artist,3,4,0,50-64
0,144502,Lawyer,3,1,0,50-64
1,63769,Artist,4,2,1,
0,66760,Artist,0,4,1,
0,135115,Entertainment,1,7,0,25-34
0,179877,Healthcare,12,4,1,
0,93351,Doctor,1,1,0,
1,84547,Homemaker,3,3,0,
1,121725,Artist,12,3,1,
1,65723,Artist,6,7,0,35-49
0,96794,Healthcare,6,3,0,35-49
1,72352,Healthcare,8,5,0,65+
0,53097,Healthcare,0,7,1,
0,144831,Artist,1,3,1,
0,183851,Doctor,1,2,1,
0,111896,Executive,1,3,0,18-24
0,64824,Executive,1,1,1,
1,88565,Healthcare,1,5,1,35-49
0,104974,Artist,1,1,0,65+
0,167060,Artist,1,5,1,
0,69018,Artist,6,1,1,25-34
0,174109,Entertainment,0,1,0,35-49
1,62186,Marketing,0,1,1,25-34
1,183783,Healthcare,9,3,0,
1,83771,Artist,1,2,1,
0,148196,Artist,0,2,0,35-49
1,131742,Entertainment,1,1,0,
0,59971,Homemaker,14,7,0,65+
0,88960,Entertainment,13,3,1,
0,140107,Healthcare,1,5,1,50-64
0,161896,Entertainment,1,3,1,35-49
0,57272,Engineer,1,1,0,
1,119952,Healthcare,8,2,1,18-24
0,167197,Doctor,1,5,0,
0,186116,Healthcare,8,6,1,35-49
0,134677,Healthcare,15,5,0,65+
0,180479,Healthcare,0,3,0,50-64
1,112783,Artist,9,6,1,
1,150258,Doctor,0,3,1,
1,115832,Artist,2,2,0,35-49
0,104834,Artist,0,7,1,35-49
1,152571,Doctor,14,5,0,
0,162287,Engineer,3,2,1,
0,171761,Doctor,1,6,0,65+
0,77709,Artist,0,1,0,
0,95053,Entertainment,1,2,1,18-24
1,74820,Doctor,1,2,1,
1,152267,Engineer,9,5,0,50-64
1,71925,Artist,4,2,1,
0,151340,Artist,1,7,0,
1,162921,Executive,0,4,0,50-64
0,52234,Executive,1,2,1,25-34
0,100271,Artist,1,5,0,50-64
0,170266,Artist,3,2,1,
0,88763,Entertainment,1,1,1,25-34
0,107359,Artist,10,6,1,
1,164781,Engineer,0,2,0,
0,156016,Artist,2,1,0,25-34
0,186882,Entertainment,1,7,1,
0,99300,Homemaker,5,2,0,35-49
1,58127,Marketing,0,3,0,
0,89211,Doctor,1,7,1,
0,148607,Homemaker,1,7,0,
0,139592,Marketing,1,1,0,25-34
0,172051,Healthcare,1,3,0,
1,57033,Artist,0,4,0,
1,117612,Engineer,0,6,0,
1,185321,Artist,0,7,0,35-49
0,186577,Healthcare,8,5,1,
1,151298,Artist,0,6,0,
0,123925,Artist,1,7,0,65+
0,169496,Lawyer,11,6,1,
0,142892,Entertainment,8,1,1,
0,58979,Entertainment,9,5,1,25-34
0,141416,Healthcare,15,1,0,50-64
1,104854,Healthcare,1,7,0,50-64
0,180331,Artist,17,5,1,18-24
0,172896,Engineer,0,3,1,
0,101451,Healthcare,4,3,0,
0,189974,Engineer,8,1,1,
1,90084,Artist,1,6,0,65+
0,112247,Executive,4,5,1,35-49
0,181775,Artist,4,5,0,
0,59088,Artist,1,3,1,50-64
0,60856,Artist,1,6,1,
1,149900,Artist,6,3,1,25-34
1,142776,Engineer,8,5,0,
1,162598,Artist,8,3,0,18-24
0,146195,Healthcare,4,4,0,35-49
1,135268,Lawyer,4,5,0,
0,136037,Marketing,5,1,1,
0,111191,Artist,9,4,0,25-34
0,144111,Entertainment,12,5,0,
0,177359,Doctor,6,2,0,65+
0,112818,Marketing,15,7,0,
1,53509,Artist,5,4,0,35-49
0,168269,Executive,10,2,0,
0,86766,Lawyer,16,3,1,50-64
0,52661,Healthcare,12,5,1,50-64
0,148520,Healthcare,11,5,1,35-49
1,149936,Artist,15,3,0,35-49
0,102296,Entertainment,7,5,1,65+
1,178416,Executive,10,7,1,65+
0,83788,Doctor,15,1,1,35-49
0,184771,Engineer,8,5,0,
0,70302,Executive,14,3,0,50-64
0,58639,Entertainment,5,7,0,
1,97879,Entertainment,15,7,1,
1,64707,Entertainment,7,3,1,18-24
1,71795,Healthcare,8,1,0,50-64
1,76567,Doctor,16,1,0,35-49
1,126370,Artist,11,4,1,50-64
0,154007,Artist,7,7,1,65+
0,69720,Lawyer,17,6,0,
0,85265,Executive,7,6,0,
0,155864,Healthcare,13,3,1,
0,99421,Artist,8,7,0,
0,145457,Executive,2,1,0,
1,118041,Artist,9,2,0,
0,73759,Doctor,0,7,0,18-24
1,90082,Artist,5,7,1,
0,74928,Artist,0,6,1,
0,101352,Lawyer,0,5,1,65+
0,93947,Healthcare,9,2,0,50-64
1,134629,Engineer,1,6,1,35-49
1,101858,Healthcare,8,6,0,65+
0,165501,Artist,10,4,1,50-64
1,135931,Lawyer,5,1,0,25-34
1,103356,Marketing,1,6,1,35-49
0,75195,Artist,1,3,0,35-49
1,123083,Entertainment,6,5,1,50-64
1,73884,Healthcare,1,2,1,65+
0,91180,Entertainment,1,7,0,50-64
1,86235,Artist,0,2,0,65+
0,96400,Doctor,1,7,1,
1,83599,Healthcare,1,6,1,65+
0,82535,Healthcare,0,1,1,
1,92227,Lawyer,0,5,1,35-49
0,150444,Artist,13,4,1,35-49
0,149095,Lawyer,1,2,0,35-49
1,113605,Artist,3,3,1,50-64
0,93854,Healthcare,0,7,0,
1,118280,Artist,0,5,0,25-34
1,94576,Artist,0,1,0,
0,129257,Executive,6,3,0,25-34
0,70373,Healthcare,2,6,1,50-64
0,77600,Healthcare,0,1,0,35-49
0,113707,Entertainment,0,5,0,25-34
0,189672,Doctor,0,7,1,50-64
0,143180,Artist,0,5,0,50-64
0,174890,Marketing,3,4,1,50-64
1,121377,Artist,7,7,1,65+
1,154857,Healthcare,0,7,1,25-34
0,160945,Healthcare,0,5,0,65+
0,119557,Artist,0,2,1,
0,187141,Doctor,0,7,1,65+
0,97468,Artist,0,1,1,50-64
0,160351,Lawyer,8,5,0,65+
0,178627,Healthcare,1,2,0,65+
0,170188,Lawyer,1,6,0,35-49
0,166007,Doctor,1,4,1,35-49
1,91794,Entertainment,0,7,0,65+
0,189072,Artist,6,3,0,
1,152717,Executive,1,6,1,25-34
0,158549,Executive,0,3,0,
1,134263,Marketing,1,3,0,25-34
0,148236,Executive,1,1,1,25-34
1,171677,Artist,0,6,0,
0,189446,Artist,1,6,1,25-34
1,106633,Artist,0,3,0,35-49
1,81084,Executive,6,5,1,35-49
1,148759,Doctor,7,7,0,50-64
0,117638,Healthcare,2,7,0,
0,159537,Doctor,4,1,1,
1,79526,Marketing,9,7,1,25-34
1,101414,Artist,8,1,0,25-34
0,109519,Entertainment,1,4,0,
0,156880,Artist,0,7,0,50-64
1,157278,Artist,0,6,0,
0,144916,Engineer,1,7,0,18-24
1,59163,Marketing,3,3,0,50-64
0,93991,Artist,1,3,1,
0,58318,Doctor,1,1,1,65+
0,180786,Lawyer,1,5,0,
1,84622,Doctor,0,6,1,65+
1,92674,Artist,8,4,0,
0,87553,Artist,1,1,0,50-64
1,74174,Entertainment,1,2,0,
0,180831,Healthcare,1,2,1,65+
0,137397,Doctor,1,7,1,
1,96154,Artist,1,4,0,
1,172477,Entertainment,1,3,0,
1,59954,Executive,4,4,1,35-49
0,112240,Entertainment,0,4,0,25-34
0,145679,Artist,0,2,1,50-64
1,136265,Artist,12,5,1,
0,74869,Healthcare,0,3,1,50-64
0,109425,Engineer,0,1,1,50-64
0,126015,Healthcare,0,1,0,
0,156951,Healthcare,4,7,0,
0,127172,Healthcare,1,2,0,
1,113834,Doctor,0,3,1,
1,132005,Entertainment,0,5,1,
0,171323,Lawyer,10,4,0,
0,92355,Entertainment,1,4,0,65+
1,60982,Healthcare,0,5,1,35-49
0,51742,Artist,8,3,1,
0,138612,Executive,9,2,0,25-34
1,158123,Artist,1,1,0,
1,164675,Executive,0,5,0,50-64
0,172882,Healthcare,8,7,1,35-49
0,70119,Artist,0,1,0,50-64
1,113998,Healthcare,7,7,1,35-49
1,114011,Artist,5,7,1,18-24
1,57265,Entertainment,7,7,0,
0,130597,Artist,6,1,1,35-49
0,121597,Engineer,0,5,1,
1,103210,Artist,6,6,0,50-64
1,66308,Executive,0,4,1,35-49
1,141336,Homemaker,2,1,0,
1,153632,Entertainment,9,7,0,
0,65520,Lawyer,1,2,0,25-34
0,153217,Healthcare,1,6,0,65+
1,92768,Doctor,1,1,0,50-64
0,132345,Artist,0,2,1,50-64
0,186069,Marketing,1,2,1,50-64
0,53802,Artist,1,7,1,25-34
0,103739,Healthcare,6,4,0,
0,50550,Healthcare,9,7,1,
0,145648,Healthcare,7,6,1,35-49
1,85737,Executive,0,3,1,35-49
0,99950,Entertainment,0,4,1,25-34
0,83220,Engineer,7,4,1,
1,73410,Entertainment,8,5,1,
0,64310,Marketing,2,1,1,65+
0,59844,Doctor,0,1,0,18-24
1,67787,Executive,1,6,1,
1,172841,Engineer,0,1,1,50-64
1,145528,Healthcare,1,2,0,65+
1,173807,Artist,0,2,1,35-49
1,185794,Entertainment,7,1,0,50-64
1,119780,Healthcare,1,3,0,
0,158596,Artist,1,2,0,
0,118122,Entertainment,0,6,0,35-49
1,99964,Healthcare,7,4,1,35-49
0,120752,Executive,1,6,1,65+
0,189630,Executive,5,5,0,25-34
1,125510,Healthcare,3,3,1,50-64
1,101799,Engineer,1,1,1,18-24
0,92914,Artist,0,3,0,
0,162465,Engineer,9,3,0,
1,163818,Engineer,2,1,1,
0,53832,Entertainment,4,1,0,35-49
0,140190,Engineer,1,4,1,25-34
1,125836,Healthcare,1,4,0,
1,100938,Entertainment,0,7,1,
1,168670,Artist,1,3,1,
0,176885,Entertainment,0,3,1,50-64
0,111174,Artist,4,5,1,35-49
1,127335,Artist,6,6,0,
1,149103,Healthcare,10,1,1,35-49
1,167705,Healthcare,0,7,1,
0,183548,Entertainment,1,4,0,50-64
0,50396,Lawyer,0,6,1,
0,63557,Marketing,1,1,1,
0,87878,Artist,1,6,0,
1,55634,Engineer,8,3,0,
0,118110,Engineer,1,5,1,
1,129396,Artist,6,6,1,
0,62628,Entertainment,8,6,0,35-49
0,51700,Healthcare,4,6,1,25-34
0,106816,Artist,7,5,1,
1,93000,Lawyer,0,2,0,50-64
0,144148,Doctor,1,4,0,
1,101388,Artist,0,2,0,
0,171560,Engineer,0,2,0,50-64
1,156366,Entertainment,8,1,0,50-64
0,143910,Marketing,1,7,1,
0,106569,Engineer,1,3,0,25-34
1,173009,Healthcare,9,6,1,25-34
1,54252,Engineer,0,5,1,65+
1,104600,Entertainment,6,3,0,50-64
1,50250,Artist,0,2,0,
1,93242,Entertainment,0,7,0,65+
0,156839,Artist,3,7,1,
0,71305,Artist,9,2,1,50-64
1,85975,Entertainment,0,6,0,18-24
1,188107,Engineer,10,2,0,
1,82333,Marketing,1,2,1,18-24
1,125016,Entertainment,1,7,1,
0,148908,Healthcare,2,3,1,
0,58217,Artist,0,1,0,18-24
1,76521,Engineer,7,4,1,65+
0,117763,Artist,1,2,1,
0,115184,Homemaker,1,4,0,25-34
1,54251,Artist,2,6,1,25-34
0,112530,Entertainment,2,6,1,50-64
1,107409,Artist,1,6,1,65+
0,84793,Homemaker,9,6,1,18-24
0,66952,Entertainment,1,2,0,25-34
0,153465,Lawyer,1,4,1,
0,178214,Artist,1,7,1,
1,152069,Entertainment,4,4,1,65+
0,132860,Healthcare,7,2,1,50-64
0,147719,Lawyer,1,7,0,
0,172915,Doctor,9,1,1,
0,148594,Entertainment,3,5,1,
1,61986,Executive,0,1,0,25-34
1,91456,Artist,1,4,1,65+
1,166247,Executive,1,2,0,
0,140516,Artist,0,3,1,50-64
1,148208,Artist,5,7,1,
0,133822,Marketing,0,4,0,50-64
0,175424,Artist,4,5,1,35-49
0,121528,Healthcare,8,4,0,65+
0,189369,Healthcare,0,3,0,25-34
0,80808,Artist,1,1,1,
1,57535,Entertainment,1,7,0,25-34
0,163509,Healthcare,0,4,0,50-64
0,75884,Executive,0,7,0,65+
0,157759,Artist,1,6,0,
0,184813,Executive,0,2,1,35-49
1,187253,Executive,8,7,0,50-64
1,81718,Entertainment,1,3,1,35-49
1,150019,Doctor,1,2,1,50-64
0,53452,Entertainment,1,6,0,
1,150765,Homemaker,8,2,1,
0,154456,Artist,0,7,0,
0,56647,Doctor,6,4,1,65+
0,117477,Healthcare,6,7,1,18-24
0,79677,Artist,10,7,1,65+
0,116759,Marketing,7,3,1,
1,180702,Entertainment,6,1,1,25-34
0,122698,Entertainment,8,1,0,
0,169346,Healthcare,7,2,0,50-64
0,93176,Artist,4,1,1,65+
0,75853,Homemaker,4,5,1,
1,119362,Engineer,8,1,0,
1,81545,Artist,4,7,1,25-34
1,67372,Artist,0,7,0,65+
0,109703,Executive,1,1,0,25-34
1,166697,Marketing,13,4,1,35-49
0,124982,Engineer,1,7,1,35-49
0,146776,Lawyer,1,7,0,
0,147548,Executive,4,5,1,
0,117620,Healthcare,7,6,0,50-64
1,85351,Healthcare,0,2,0,50-64
1,174432,Artist,0,7,1,65+
1,70787,Doctor,1,3,0,35-49
0,75473,Healthcare,0,7,0,
1,90082,Healthcare,1,6,1,65+
0,185388,Healthcare,0,2,0,50-64
0,168110,Doctor,14,6,0,
0,184628,Artist,12,2,1,65+
0,176551,Healthcare,8,1,1,35-49
0,76422,Healthcare,9,7,1,25-34
1,164248,Entertainment,9,3,0,
0,109188,Lawyer,5,7,1,
0,132951,Healthcare,4,1,1,65+
0,164598,Healthcare,8,1,1,65+
1,186655,Artist,7,2,1,65+
0,111859,Healthcare,6,1,0,50-64
0,121926,Lawyer,7,1,1,
0,143047,Executive,1,3,1,
0,131748,Artist,1,3,1,18-24
1,142801,Lawyer,0,1,1,65+
1,142723,Engineer,0,6,1,
1,155151,Marketing,14,3,1,18-24
0,153607,Healthcare,1,4,1,50-64
1,144192,Healthcare,0,3,1,
0,174159,Lawyer,4,4,1,
0,73642,Marketing,0,3,1,
0,170319,Artist,8,7,1,
0,141351,Engineer,0,2,1,
0,167411,Marketing,12,5,1,65+
1,58289,Artist,5,6,1,
0,79801,Doctor,0,2,0,35-49
0,146118,Marketing,8,7,0,
0,57337,Healthcare,1,4,1,50-64
0,113575,Entertainment,1,2,1,35-49
1,122658,Engineer,6,2,0,50-64
0,151836,Artist,0,6,1,50-64
0,185900,Homemaker,9,4,0,35-49
0,94029,Healthcare,1,4,0,25-34
0,157290,Artist,2,2,1,25-34
1,175996,Entertainment,10,4,1,
1,102016,Artist,0,4,1,65+
1,77902,Artist,1,2,0,
0,81138,Healthcare,9,7,0,
1,128258,Executive,0,2,1,25-34
0,62475,Artist,6,4,1,25-34
0,82854,Artist,6,4,0,
0,59284,Doctor,7,7,1,25-34
0,141580,Healthcare,0,4,0,
0,171362,Executive,6,4,0,
1,78274,Artist,9,2,0,
0,76646,Artist,0,1,0,
0,78308,Executive,5,2,0,
0,78971,Engineer,1,2,0,50-64
0,65528,Marketing,1,5,0,65+
1,94199,Artist,5,7,0,65+
0,135705,Engineer,8,7,1,50-64
1,130573,Entertainment,8,3,1,50-64
0,152303,Artist,1,5,0,
0,144582,Doctor,1,1,0,25-34
0,93288,Artist,10,6,0,
0,88192,Marketing,10,2,1,
1,62362,Lawyer,7,3,0,18-24
1,74350,Lawyer,10,1,1,65+
1,144103,Healthcare,8,7,1,
1,75518,Lawyer,7,3,1,
1,160980,Doctor,4,2,0,50-64
0,102904,Artist,7,6,1,65+
0,174501,Artist,9,7,1,
0,157661,Healthcare,6,6,0,35-49
0,118385,Healthcare,10,3,1,65+
0,116463,Artist,8,4,0,
0,161212,Artist,9,6,1,
1,172601,Marketing,4,6,1,
0,167214,Homemaker,8,7,0,50-64
1,69644,Artist,5,1,1,18-24
0,120215,Homemaker,7,2,1,18-24
0,180401,Engineer,7,6,1,25-34
0,113739,Artist,5,7,0,35-49
1,111717,Healthcare,1,2,1,65+
1,62808,Engineer,0,4,1,
0,67582,Artist,1,3,1,18-24
1,96543,Artist,9,1,0,
1,89667,Artist,0,2,0,
0,98980,Engineer,0,1,0,50-64
1,124998,Lawyer,1,3,1,
1,189091,Artist,0,6,1,50-64
0,153842,Artist,1,3,1,
1,106314,Artist,0,7,1,25-34
0,62901,Artist,8,5,0,65+
1,149618,Healthcare,4,6,0,
0,72068,Healthcare,0,6,0,
1,81367,Artist,0,3,0,25-34
0,118575,Entertainment,1,3,1,
0,82382,Executive,1,3,0,
1,114776,Entertainment,10,3,0,
0,145597,Artist,1,6,0,
1,162072,Engineer,1,1,0,50-64
1,172872,Healthcare,0,7,1,50-64
0,182162,Artist,1,3,1,25-34
0,71467,Artist,5,7,0,65+
0,85568,Healthcare,0,6,1,18-24
0,56851,Entertainment,6,3,0,
0,116782,Artist,9,5,0,
0,67781,Entertainment,4,4,1,
0,70152,Healthcare,0,2,1,50-64
1,185861,Artist,3,6,0,18-24
1,162595,Artist,3,3,1,35-49
0,80098,Lawyer,10,6,0,25-34
0,184801,Lawyer,1,1,1,18-24
0,58908,Artist,6,6,1,35-49
0,146011,Marketing,9,5,0,
0,135174,Artist,9,4,1,35-49
0,114244,Artist,0,1,0,65+
0,157207,Healthcare,0,4,0,50-64
0,128834,Entertainment,5,4,1,
1,51166,Entertainment,0,7,1,50-64
0,130118,Artist,0,4,1,25-34
1,87014,Doctor,11,4,0,25-34
0,111379,Artist,0,2,0,25-34
1,83704,Entertainment,1,1,0,
0,90558,Healthcare,8,2,1,50-64
1,187343,Healthcare,6,3,1,
0,111174,Entertainment,9,6,1,
1,64461,Engineer,4,4,0,
1,109618,Artist,7,3,0,
1,189357,Lawyer,7,1,1,
0,120955,Artist,6,1,0,50-64
0,168898,Homemaker,8,7,0,
1,130431,Healthcare,6,3,0,
1,161091,Engineer,9,1,0,50-64
0,69988,Homemaker,5,4,1,25-34
0,169702,Doctor,5,1,0,
1,186897,Healthcare,1,7,1,25-34
0,109061,Engineer,6,1,1,
1,188620,Artist,3,6,1,25-34
0,108675,Artist,4,5,0,50-64
0,177601,Entertainment,0,2,1,
0,87365,Marketing,1,2,1,
1,95929,Engineer,0,2,1,
1,97185,Entertainment,0,5,0,50-64
0,103838,Artist,1,2,1,50-64
1,129260,Doctor,1,3,1,18-24
0,151184,Artist,1,4,1,65+
0,177512,Engineer,2,3,0,65+
1,140099,Lawyer,0,7,0,35-49
1,67535,Healthcare,7,6,0,18-24
1,133236,Executive,1,6,0,35-49
0,87975,Homemaker,9,7,1,35-49
0,164350,Healthcare,0,5,1,35-49
1,55109,Artist,8,3,0,35-49
0,67613,Entertainment,1,2,1,
0,185306,Entertainment,0,2,1,50-64
0,154787,Executive,3,5,0,18-24
0,109759,Artist,9,3,0,
0,114571,Executive,1,3,0,
1,130697,Artist,1,2,0,25-34
1,115916,Doctor,13,6,1,35-49
0,69814,Artist,9,2,0,50-64
0,118161,Engineer,0,4,0,
1,56583,Healthcare,2,3,0,65+
0,185843,Artist,4,3,1,
0,171825,Entertainment,10,4,1,25-34
1,77976,Artist,11,3,0,18-24
1,66312,Entertainment,0,1,0,
0,81839,Entertainment,0,4,1,
0,55712,Artist,5,6,1,
1,158335,Healthcare,2,5,1,25-34
1,74253,Lawyer,1,6,1,
1,119625,Healthcare,4,4,1,65+
0,129743,Artist,0,2,1,
0,101007,Lawyer,0,6,0,50-64
1,87529,Artist,9,7,1,
1,151648,Healthcare,8,6,0,
1,61637,Artist,0,5,0,65+
1,164659,Entertainment,1,6,0,
0,125623,Executive,0,4,0,
0,104054,Artist,8,4,1,
1,83535,Artist,1,5,0,
0,166245,Executive,7,3,1,65+
0,100890,Entertainment,4,4,0,25-34
0,55972,Entertainment,1,7,0,
0,134282,Artist,2,5,1,
0,106669,Lawyer,1,7,1,25-34
0,145777,Executive,1,5,0,
1,119259,Healthcare,1,5,0,35-49
0,150174,Artist,2,2,0,
0,55472,Healthcare,1,3,0,35-49
1,99423,Healthcare,0,5,0,50-64
0,146221,Marketing,0,3,1,18-24
0,84238,Artist,1,2,1,25-34
1,57032,Entertainment,1,5,0,
1,88811,Engineer,0,4,0,
1,167420,Artist,5,2,1,50-64
1,101846,Doctor,3,2,1,35-49
1,114061,Artist,2,5,0,
1,147449,Artist,1,5,1,65+
0,83043,Executive,0,1,0,35-49
0,168990,Doctor,9,5,0,
1,73867,Healthcare,4,5,0,
0,165772,Healthcare,1,4,0,35-49
0,178217,Marketing,0,3,1,18-24
1,162612,Engineer,1,6,0,50-64
1,99872,Entertainment,11,3,0,35-49
0,142566,Artist,1,7,0,35-49
0,111424,Entertainment,8,5,0,
1,187841,Artist,1,4,1,35-49
0,171921,Artist,1,6,1,35-49
0,115299,Artist,6,3,0,65+
1,94129,Healthcare,6,7,1,65+
1,172378,Entertainment,5,6,1,35-49
1,146597,Engineer,1,4,1,25-34
0,64057,Doctor,0,3,1,65+
0,163585,Artist,9,5,1,18-24
1,93186,Entertainment,1,3,0,
1,149764,Entertainment,0,6,1,35-49
1,116822,Doctor,1,3,0,
0,109346,Entertainment,1,2,1,35-49
0,111587,Artist,7,4,0,65+
0,166644,Artist,8,6,0,35-49
0,181270,Artist,1,1,0,50-64
1,65207,Healthcare,1,2,0,35-49
0,112146,Homemaker,8,4,1,65+
1,104953,Doctor,1,6,0,
0,139009,Artist,0,4,1,25-34
0,67916,Healthcare,0,6,0,50-64
0,99983,Executive,0,1,0,
1,131122,Artist,9,6,1,50-64
0,173190,Doctor,9,4,1,50-64
1,122712,Marketing,1,1,1,18-24
0,55792,Artist,1,6,1,
1,73892,Doctor,1,4,1,35-49
0,78821,Artist,1,4,1,25-34
0,152475,Artist,0,7,1,
1,152226,Artist,4,4,0,35-49
1,117679,Entertainment,1,3,1,
1,146473,Artist,1,4,0,18-24
1,66051,Healthcare,1,7,0,65+
1,162332,Entertainment,1,5,0,35-49
0,166018,Doctor,0,3,0,
0,67398,Entertainment,2,5,0,
1,73760,Entertainment,1,6,0,35-49
1,167578,Entertainment,0,1,0,
1,130267,Engineer,8,4,1,25-34
1,94846,Engineer,0,5,0,
0,155396,Engineer,9,5,1,
0,138013,Artist,8,7,1,
1,148286,Entertainment,0,4,0,65+
0,101031,Artist,1,1,1,
0,52884,Lawyer,1,1,1,35-49
1,153230,Healthcare,8,1,1,
0,63261,Engineer,1,7,1,
1,90167,Engineer,0,3,0,35-49
0,162076,Artist,0,3,0,
0,53622,Artist,0,3,1,
0,172913,Executive,3,4,0,
0,94316,Artist,0,6,0,35-49
1,141383,Artist,7,5,1,
0,67874,Artist,0,2,0,25-34
0,176554,Healthcare,1,2,0,25-34
0,135341,Healthcare,10,2,0,50-64
0,129019,Healthcare,0,3,0,35-49
1,107879,Doctor,1,6,1,50-64
1,79531,Artist,1,1,1,
1,63379,Artist,12,7,0,
0,156258,Entertainment,0,4,0,25-34
1,67874,Entertainment,9,3,1,65+
0,159964,Engineer,5,6,0,
0,103706,Entertainment,1,2,1,
0,64713,Entertainment,2,7,0,
0,90414,Artist,1,5,0,65+
0,171100,Executive,0,5,1,
1,187305,Engineer,6,7,0,35-49
0,139758,Lawyer,0,6,1,25-34
0,91226,Healthcare,0,5,0,
0,143928,Engineer,9,7,1,65+
0,92366,Healthcare,0,6,1,25-34
1,175041,Artist,4,1,1,65+
1,147301,Lawyer,1,5,0,
1,119296,Engineer,0,7,1,50-64
0,126306,Artist,0,1,1,25-34
1,100647,Executive,1,3,1,
0,168663,Engineer,11,5,1,
0,105391,Executive,1,7,1,
0,175179,Executive,9,4,1,65+
0,165019,Entertainment,1,2,1,50-64
0,68212,Healthcare,7,4,1,
1,64572,Artist,1,2,0,
0,92591,Artist,8,2,0,
0,69730,Artist,1,4,0,35-49
0,156793,Marketing,2,4,0,25-34
0,56848,Artist,5,1,1,65+
1,148450,Healthcare,0,6,0,
1,150619,Artist,10,6,1,50-64
1,100261,Artist,1,6,1,50-64
0,109895,Healthcare,5,2,0,35-49
1,152684,Lawyer,0,3,1,
0,133765,Artist,1,3,0,
0,57677,Lawyer,0,5,0,
0,112358,Artist,0,6,1,50-64
0,73845,Artist,1,7,0,50-64
1,89531,Healthcare,6,2,1,
1,118092,Entertainment,7,3,0,25-34
1,144242,Entertainment,1,4,1,50-64
0,140876,Entertainment,0,4,0,35-49
1,76888,Marketing,0,1,1,65+
0,116644,Artist,6,3,0,25-34
0,143021,Executive,5,4,1,50-64
0,145679,Lawyer,9,6,0,
0,64398,Lawyer,1,6,1,25-34
0,104512,Marketing,9,3,1,
1,71564,Artist,1,5,0,
0,122707,Homemaker,2,3,0,
0,51733,Healthcare,0,5,0,
0,138087,Marketing,1,7,0,65+
1,147278,Lawyer,0,4,0,50-64
0,187339,Healthcare,0,6,0,
0,129972,Executive,1,6,0,
0,151176,Healthcare,1,2,0,
0,74358,Artist,0,6,0,25-34
1,83953,Healthcare,0,3,0,
1,62925,Engineer,1,6,1,25-34
1,65257,Doctor,2,3,0,50-64
0,188557,Healthcare,9,2,1,
1,163783,Healthcare,3,1,0,50-64
0,108342,Doctor,0,3,0,
0,155951,Healthcare,7,4,1,18-24
0,183071,Artist,7,4,1,18-24
0,124104,Healthcare,4,6,1,
0,136747,Healthcare,1,1,1,18-24
1,189498,Artist,4,1,1,18-24
0,76149,Artist,9,6,1,65+
0,185550,Artist,0,1,0,35-49
0,119567,Artist,5,2,1,50-64
0,79806,Engineer,1,6,1,
1,180774,Entertainment,1,5,0,
0,90142,Lawyer,1,2,1,
0,184481,Executive,0,2,0,
0,66089,Artist,6,3,0,25-34
0,60044,Artist,4,1,0,
1,52543,Executive,0,6,1,50-64
1,50429,Artist,0,1,1,50-64
1,178228,Engineer,1,2,1,
0,161130,Artist,8,3,0,35-49
1,87976,Lawyer,1,6,1,65+
0,179150,Artist,5,2,0,35-49
0,163442,Executive,1,6,1,
0,108159,Entertainment,8,7,1,65+
0,73419,Healthcare,0,1,1,50-64
0,138425,Doctor,11,6,0,
1,54431,Healthcare,1,7,0,65+
0,168437,Artist,2,2,0,
0,71322,Entertainment,1,6,0,50-64
0,122548,Artist,2,5,1,
0,141428,Entertainment,1,5,1,18-24
1,142214,Artist,7,4,1,
0,62590,Artist,9,6,1,
1,172523,Artist,6,2,0,
0,157588,Executive,2,6,0,
0,143313,Doctor,4,7,0,
0,119833,Doctor,1,2,1,50-64
0,70803,Entertainment,0,5,1,50-64
1,139008,Artist,1,4,1,
1,126669,Artist,1,6,0,
1,122722,Executive,9,4,1,
1,79800,Artist,0,1,1,
1,100155,Healthcare,6,1,1,
0,110846,Artist,0,2,1,25-34
0,106841,Entertainment,0,3,0,
0,117181,Doctor,12,5,0,50-64
0,86898,Healthcare,0,6,0,50-64
0,143241,Executive,4,7,0,25-34
0,146028,Healthcare,0,5,1,25-34
1,165287,Doctor,1,3,0,
0,132486,Artist,1,2,1,50-64
1,96424,Artist,8,5,0,
0,151468,Artist,1,5,1,
0,76561,Healthcare,0,1,0,
0,125316,Lawyer,0,6,0,
1,109373,Entertainment,4,2,1,18-24
1,135042,Artist,0,7,1,
0,59784,Artist,3,3,0,65+
1,140687,Artist,1,2,0,
1,182927,Healthcare,1,1,0,
0,175534,Artist,1,6,1,50-64
1,170957,Lawyer,1,3,1,65+
1,81197,Artist,0,4,0,65+
0,104888,Healthcare,0,4,1,18-24
1,184838,Artist,8,5,1,65+
0,139588,Executive,0,2,0,50-64
1,126543,Homemaker,0,3,1,18-24
0,177260,Entertainment,14,2,1,
1,156823,Healthcare,9,5,1,35-49
0,183201,Engineer,8,6,0,25-34
0,84925,Artist,4,6,1,
1,69719,Artist,9,2,1,
0,61355,Healthcare,1,3,1,35-49
1,156014,Doctor,14,5,1,35-49
1,184088,Entertainment,11,7,1,18-24
0,158372,Artist,1,1,0,50-64
0,135742,Healthcare,1,7,0,50-64
0,145704,Marketing,0,4,0,35-49
0,157307,Executive,4,3,1,65+
0,88064,Executive,1,5,0,25-34
0,167226,Homemaker,3,1,0,
0,153821,Marketing,1,4,1,65+
1,170669,Doctor,9,5,0,25-34
1,93555,Artist,3,3,1,
0,101941,Healthcare,1,3,1,18-24
0,78795,Engineer,0,6,1,50-64
0,55875,Engineer,0,5,0,65+
0,177513,Lawyer,1,5,0,35-49
0,100850,Doctor,0,3,0,
0,143082,Entertainment,0,7,0,
0,85447,Artist,9,6,1,
0,114213,Doctor,9,4,1,65+
1,161120,Executive,0,1,0,
0,186682,Entertainment,1,1,0,
1,105302,Doctor,0,3,0,50-64
0,133400,Engineer,0,6,1,
1,56432,Engineer,0,5,1,65+
0,136467,Healthcare,3,3,0,35-49
1,189945,Engineer,0,5,1,50-64
0,163966,Lawyer,1,5,1,25-34
1,52152,Artist,0,3,1,35-49
1,145720,Homemaker,12,7,0,50-64
1,188034,Healthcare,1,5,0,18-24
0,127911,Homemaker,9,2,1,35-49
0,174114,Lawyer,1,1,1,65+
1,144489,Artist,14,3,1,50-64
1,77440,Lawyer,0,5,1,50-64
0,86119,Artist,1,6,1,18-24
0,100056,Entertainment,1,3,1,
1,66686,Artist,8,7,1,
0,74696,Doctor,1,6,1,65+
1,65641,Entertainment,4,5,1,18-24
0,61228,Entertainment,1,6,0,
0,138529,Healthcare,0,4,0,
0,152405,Artist,1,4,1,65+
1,157757,Doctor,0,4,0,18-24
1,166361,Engineer,6,4,0,
0,67227,Artist,1,7,1,
1,161156,Engineer,0,4,0,18-24
0,170647,Healthcare,1,7,0,50-64
0,161646,Healthcare,0,2,1,65+
1,98016,Healthcare,9,6,1,35-49
1,50526,Artist,0,6,1,35-49
1,175208,Executive,8,4,1,
0,97721,Engineer,0,7,1,35-49
0,142013,Entertainment,3,4,0,
1,166737,Artist,0,3,0,
0,62651,Entertainment,0,2,1,18-24
0,179546,Homemaker,8,4,1,50-64
0,51866,Artist,12,7,0,
0,86297,Executive,9,4,1,65+
0,65031,Artist,0,4,1,
1,69383,Entertainment,0,2,1,
1,70733,Artist,5,3,0,18-24
0,187898,Artist,6,2,0,35-49
0,116001,Engineer,1,4,0,35-49
1,87040,Artist,9,1,1,65+
0,180956,Artist,2,2,0,18-24
0,115517,Healthcare,0,6,0,
1,76979,Lawyer,1,3,1,25-34
1,50798,Artist,10,5,0,
0,146350,Artist,1,3,1,50-64
0,81112,Healthcare,5,3,0,65+
1,80605,Doctor,1,6,1,50-64
1,171949,Doctor,1,6,1,35-49
1,159006,Artist,8,6,1,
0,177368,Healthcare,1,2,0,35-49
0,187643,Artist,1,1,1,
1,93841,Lawyer,0,7,1,18-24
1,131061,Healthcare,0,7,0,
1,146130,Entertainment,6,6,1,65+
1,84471,Doctor,1,5,0,
0,144485,Entertainment,0,4,1,35-49
0,158638,Healthcare,2,5,0,35-49
1,96693,Entertainment,0,4,1,
0,129507,Healthcare,4,7,0,
0,114510,Healthcare,0,4,1,
0,109396,Artist,1,2,1,25-34
0,149031,Artist,10,5,0,
0,66256,Lawyer,1,2,1,65+
0,118285,Doctor,8,4,0,35-49
1,128723,Artist,4,5,0,
0,178285,Artist,4,7,0,25-34
0,144176,Marketing,7,2,0,
1,82474,Artist,9,3,1,25-34
0,159010,Lawyer,6,2,0,
0,76164,Artist,6,2,0,
1,77873,Executive,6,5,1,18-24
1,53392,Artist,6,4,0,35-49
1,168898,Artist,9,7,1,50-64
1,128917,Homemaker,5,5,1,
1,185067,Lawyer,5,4,1,65+
1,132183,Artist,10,3,0,18-24
0,82060,Healthcare,7,1,1,
0,133614,Artist,7,4,0,
1,94844,Artist,7,6,0,35-49
0,76474,Doctor,5,5,1,65+
0,94655,Healthcare,8,1,1,
1,60933,Doctor,8,1,1,
1,79257,Healthcare,6,2,0,
0,125677,Entertainment,5,2,1,35-49
0,127971,Artist,1,5,0,18-24
1,76103,Executive,9,3,0,35-49
0,114741,Artist,0,5,0,35-49
0,157994,Artist,1,1,0,
1,93786,Entertainment,3,1,1,65+
1,75178,Entertainment,1,7,1,35-49
1,175267,Healthcare,1,4,0,
0,99263,Healthcare,8,1,0,
0,52590,Healthcare,0,4,1,
1,170959,Artist,0,4,0,25-34
1,135076,Engineer,1,5,0,65+
1,167112,Lawyer,0,1,1,
0,184639,Doctor,1,6,1,
0,172369,Artist,6,6,0,
0,124256,Marketing,1,7,0,35-49
0,89972,Artist,10,6,0,50-64
1,67799,Entertainment,1,6,1,
0,176074,Doctor,1,7,0,65+
1,167517,Artist,2,7,1,35-49
0,77914,Artist,1,6,1,50-64
0,57605,Doctor,0,2,0,
0,86365,Engineer,1,7,0,50-64
1,93883,Healthcare,1,2,1,
0,131091,Artist,4,1,0,35-49
1,87222,Healthcare,8,4,1,
0,117076,Doctor,1,2,1,50-64
1,150925,Healthcare,1,2,1,50-64
0,149379,Lawyer,0,3,0,25-34
0,138644,Engineer,4,3,0,25-34
1,148493,Doctor,4,7,1,
1,84658,Lawyer,4,6,0,25-34
1,111618,Lawyer,6,5,0,
1,108759,Artist,7,6,0,
1,186203,Artist,10,5,0,50-64
0,147258,Lawyer,10,2,0,
0,132983,Healthcare,7,7,0,65+
1,149092,Engineer,8,1,1,65+
1,163845,Doctor,5,7,0,35-49
1,117777,Artist,5,5,0,
1,131584,Artist,7,3,1,
0,123904,Artist,7,5,0,18-24
0,89801,Artist,5,4,0,50-64
1,173466,Entertainment,10,5,0,65+
0,55690,Marketing,4,6,1,25-34
0,104467,Artist,5,1,0,50-64
1,100419,Artist,5,4,1,35-49
0,62951,Lawyer,8,2,1,
1,118554,Lawyer,4,6,1,35-49
0,140673,Artist,6,7,1,
0,75561,Healthcare,5,3,0,65+
0,147306,Healthcare,6,6,1,65+
0,111871,Doctor,10,1,1,35-49
1,112884,Healthcare,0,6,1,
0,121267,Engineer,1,1,0,35-49
0,151519,Artist,7,2,0,35-49
0,105448,Artist,0,5,1,25-34
0,92048,Healthcare,1,1,0,18-24
1,99980,Healthcare,10,1,0,50-64
1,84003,Artist,9,6,0,
1,110889,Executive,1,2,0,
0,82478,Executive,10,1,0,50-64
1,139685,Healthcare,1,4,1,
0,182374,Entertainment,0,6,0,
0,119366,Engineer,4,2,0,50-64
0,53788,Doctor,0,2,0,
0,90341,Doctor,0,2,0,
0,118348,Engineer,1,7,0,65+
1,137428,Artist,0,2,0,50-64
0,106982,Entertainment,1,7,0,50-64
0,98532,Doctor,0,6,0,
0,120825,Executive,9,7,1,35-49
0,58006,Executive,1,5,0,50-64
1,106941,Artist,1,1,0,18-24
1,129782,Entertainment,1,2,1,35-49
1,121513,Engineer,0,6,0,
0,79925,Healthcare,0,3,1,50-64
1,112089,Healthcare,7,7,0,18-24
0,138656,Artist,3,4,1,
0,146794,Healthcare,8,3,0,50-64
0,75033,Engineer,5,5,1,50-64
0,149969,Executive,0,6,0,
0,124852,Healthcare,5,5,1,18-24
1,154837,Executive,8,4,1,65+
0,145678,Executive,0,1,0,50-64
0,137354,Artist,8,7,0,
0,136660,Entertainment,1,3,1,50-64
0,63334,Artist,0,6,0,
1,62893,Executive,1,5,1,35-49
1,163514,Doctor,9,2,0,65+
1,145934,Marketing,10,2,1,25-34
0,119223,Lawyer,10,7,0,50-64
1,127479,Doctor,10,2,1,
0,136146,Artist,6,6,0,25-34
0,76001,Artist,7,3,1,
0,84885,Healthcare,6,2,1,
0,82812,Artist,6,2,1,18-24
1,51260,Entertainment,5,5,1,65+
1,159572,Healthcare,5,5,1,18-24
1,130186,Artist,9,7,0,
0,176954,Artist,5,6,0,35-49
1,85908,Artist,5,4,0,50-64
0,75831,Healthcare,10,7,1,
0,123045,Engineer,7,3,0,50-64
0,161211,Lawyer,9,1,1,25-34
0,81702,Marketing,6,4,1,50-64
0,173043,Artist,8,6,1,25-34
1,126380,Artist,6,1,0,50-64
0,128205,Healthcare,6,5,1,50-64
0,181355,Artist,10,3,0,35-49
0,97931,Healthcare,9,7,0,
1,146432,Artist,6,1,1,65+
0,125731,Artist,6,4,1,
0,132701,Healthcare,5,2,0,35-49
0,116095,Artist,5,1,1,50-64
0,135773,Artist,9,5,1,
1,136417,Healthcare,9,6,1,50-64
1,80783,Artist,9,3,0,25-34
1,182580,Executive,6,6,0,25-34
0,143567,Artist,7,2,1,
1,85908,Entertainment,5,4,0,65+
0,139806,Entertainment,4,4,0,
0,77269,Artist,8,1,1,65+
0,105968,Engineer,4,5,0,
0,125660,Engineer,10,4,1,
0,98444,Entertainment,7,4,0,
1,179503,Artist,4,3,1,50-64
0,60575,Engineer,5,2,1,
0,75685,Marketing,7,3,1,65+
0,85374,Artist,8,5,1,35-49
0,128642,Marketing,5,6,1,65+
1,182292,Artist,7,5,0,25-34
0,124702,Artist,10,3,0,
0,127833,Artist,7,7,1,50-64
0,178866,Artist,8,4,0,
0,183643,Artist,5,5,0,
1,113306,Executive,5,6,1,50-64
1,84008,Artist,8,4,0,18-24
1,85758,Lawyer,10,4,1,
0,63128,Engineer,8,7,1,65+
1,70174,Executive,10,6,1,
0,170133,Engineer,5,5,1,
0,165978,Artist,7,3,1,25-34
0,149727,Artist,7,3,0,
0,147052,Artist,9,4,0,18-24
0,113389,Doctor,4,6,0,50-64
1,111690,Entertainment,10,4,0,25-34
0,184830,Doctor,9,3,0,50-64
0,91549,Artist,4,3,1,18-24
0,94629,Marketing,6,3,1,
0,167558,Artist,4,7,0,
1,119189,Artist,9,3,0,
0,96207,Artist,5,5,0,25-34
1,85339,Doctor,4,7,1,18-24
0,111942,Artist,5,5,1,25-34
0,157003,Engineer,5,4,1,35-49
0,117123,Artist,9,7,1,50-64
0,172747,Artist,7,2,0,
1,157358,Healthcare,7,4,0,25-34
1,156655,Entertainment,4,5,1,
1,166043,Doctor,7,6,0,65+
1,67768,Doctor,10,6,1,35-49
1,171353,Doctor,8,4,1,25-34
0,116971,Executive,7,5,0,50-64
0,97822,Doctor,5,3,1,
0,117203,Healthcare,10,3,0,
0,88720,Artist,10,1,0,50-64
0,173233,Artist,5,1,1,
0,139447,Artist,8,7,1,65+
1,179269,Entertainment,6,3,0,18-24
0,136254,Engineer,5,6,0,
1,174594,Executive,8,2,0,35-49
0,100429,Entertainment,9,1,1,
0,73107,Artist,9,1,1,25-34
0,98344,Artist,6,6,1,
1,163509,Healthcare,10,1,1,18-24
1,116204,Engineer,8,2,1,
0,95853,Healthcare,9,1,0,
1,156411,Artist,6,5,0,35-49
1,72889,Homemaker,5,7,1,
0,106691,Healthcare,9,3,0,50-64
1,144832,Artist,5,3,1,25-34
1,132297,Entertainment,8,1,0,25-34
0,170345,Executive,9,5,1,
1,157383,Lawyer,8,2,1,25-34
0,150782,Executive,8,2,1,
1,143987,Healthcare,10,5,0,65+
0,129659,Entertainment,6,7,0,
1,104826,Healthcare,5,1,1,65+
0,181471,Healthcare,10,4,0,
0,152547,Artist,7,4,0,35-49
1,85347,Doctor,1,1,1,35-49
0,122828,Executive,0,5,1,65+
1,107794,Engineer,0,5,1,18-24
1,152566,Entertainment,1,7,1,35-49
0,91715,Entertainment,0,3,0,35-49
0,99222,Artist,1,6,1,50-64
0,70280,Engineer,0,4,0,35-49
0,70030,Healthcare,1,2,0,
0,102083,Artist,1,1,1,
0,166163,Engineer,8,5,0,
0,182871,Engineer,8,6,1,
1,187545,Executive,4,6,0,50-64
1,182910,Entertainment,0,1,0,
0,174530,Lawyer,1,6,1,
0,115438,Artist,0,6,1,25-34
0,93964,Artist,4,2,0,
0,180341,Healthcare,1,3,0,50-64
0,107323,Engineer,7,7,1,
0,119435,Entertainment,0,7,0,65+
0,68341,Artist,13,6,1,
0,95365,Artist,0,5,0,
1,131093,Lawyer,1,7,0,
0,100621,Healthcare,1,1,1,25-34
1,116521,Doctor,0,2,1,
0,136316,Executive,0,3,0,
1,172039,Lawyer,0,6,0,
0,70844,Entertainment,0,3,1,35-49
1,100964,Marketing,1,6,0,25-34
0,128037,Entertainment,6,2,1,
1,97081,Marketing,1,3,0,
1,92247,Marketing,0,6,1,
1,129914,Artist,1,3,0,
0,94014,Engineer,9,5,0,
0,138864,Artist,0,5,0,50-64
1,169299,Marketing,1,5,1,
1,119097,Healthcare,0,7,1,
0,68161,Doctor,1,2,1,65+
0,181108,Homemaker,1,1,1,35-49
1,87764,Engineer,9,7,0,35-49
0,102543,Artist,7,3,0,35-49
1,139417,Artist,1,3,1,
0,81802,Homemaker,9,1,1,50-64
0,102788,Artist,0,1,0,
0,163179,Healthcare,1,7,1,50-64
1,71318,Healthcare,1,3,1,
1,63683,Healthcare,3,1,1,50-64
0,189689,Healthcare,8,5,1,
1,121610,Artist,0,5,1,
0,150682,Artist,1,1,1,
0,124550,Marketing,0,3,1,
1,148875,Artist,0,4,0,50-64
1,107117,Artist,1,3,1,
1,109223,Engineer,1,5,1,25-34
0,120899,Marketing,2,6,1,
0,101948,Artist,0,5,1,25-34
1,143169,Engineer,0,4,0,65+
0,167619,Healthcare,7,6,1,
0,181795,Healthcare,3,5,0,18-24
0,186445,Engineer,0,1,1,35-49
0,102205,Artist,1,1,1,50-64
0,52326,Healthcare,0,2,0,18-24
1,82992,Entertainment,1,5,1,
1,145520,Homemaker,1,7,0,35-49
0,104820,Artist,2,4,0,
0,69025,Entertainment,0,2,0,25-34
1,164976,Entertainment,0,4,0,65+
0,178576,Executive,5,5,0,65+
0,72415,Marketing,0,5,0,35-49
1,112146,Entertainment,0,3,1,
1,144830,Artist,0,1,1,
0,51661,Entertainment,0,7,0,18-24
0,152910,Artist,1,6,0,65+
1,114556,Entertainment,0,7,0,
1,143455,Healthcare,1,6,0,
1,173096,Healthcare,0,3,0,25-34
0,121172,Healthcare,5,4,0,50-64
0,56492,Homemaker,8,1,1,25-34
1,156422,Entertainment,1,7,1,50-64
1,131863,Artist,1,7,0,
1,118096,Lawyer,0,3,1,65+
1,149685,Executive,9,6,1,
0,89765,Artist,0,7,1,65+
0,177701,Entertainment,0,6,1,
1,64738,Artist,0,6,0,18-24
0,92734,Lawyer,1,4,1,
0,146877,Healthcare,4,3,1,50-64
0,62935,Artist,0,7,0,35-49
0,67178,Entertainment,8,3,1,
0,115754,Engineer,1,3,1,50-64
0,186470,Artist,0,7,1,35-49
1,100939,Healthcare,7,6,1,
0,86172,Artist,4,4,0,
0,184222,Healthcare,0,2,1,35-49
1,71543,Entertainment,1,4,1,
0,174836,Healthcare,0,4,0,18-24
0,130706,Artist,3,6,0,65+
1,74407,Doctor,0,6,0,
1,130055,Healthcare,2,1,1,50-64
1,88707,Healthcare,0,5,0,35-49
1,162762,Healthcare,1,1,0,
1,154821,Doctor,0,2,0,50-64
1,57248,Lawyer,5,5,0,50-64
0,99902,Engineer,10,2,0,65+
0,165711,Artist,1,2,1,
1,97455,Artist,6,4,0,65+
0,93866,Entertainment,9,2,1,25-34
0,141307,Healthcare,1,3,1,
1,172011,Doctor,1,5,1,65+
1,68138,Healthcare,2,7,1,
0,123246,Homemaker,8,6,0,25-34
0,124194,Doctor,1,7,1,35-49
1,188696,Homemaker,8,3,0,
0,91213,Lawyer,3,5,0,65+
0,166650,Healthcare,1,3,0,
1,52727,Artist,1,3,0,
1,126469,Entertainment,1,2,0,65+
1,138775,Executive,0,7,1,35-49
0,68901,Doctor,7,7,0,35-49
0,118621,Homemaker,0,7,1,35-49
1,109263,Entertainment,0,1,0,25-34
1,150012,Healthcare,3,6,0,
1,133850,Marketing,9,3,0,35-49
0,81640,Entertainment,1,6,0,25-34
0,133214,Marketing,9,7,1,50-64
0,186723,Entertainment,8,5,1,18-24
0,92100,Artist,9,3,1,
1,64484,Homemaker,0,5,1,
0,69024,Healthcare,4,5,1,35-49
1,171194,Artist,0,5,0,
0,183282,Artist,1,1,1,
0,100099,Healthcare,1,3,0,
0,164435,Lawyer,1,3,1,35-49
1,172407,Doctor,9,3,0,65+
0,84781,Executive,1,3,1,
1,186130,Lawyer,3,7,0,
0,56782,Artist,9,5,1,
1,137206,Artist,0,4,1,
0,146950,Doctor,6,5,0,
0,174275,Healthcare,0,2,1,
1,97705,Homemaker,8,2,1,
1,188984,Lawyer,1,4,0,
1,119238,Artist,1,3,0,18-24
1,87923,Entertainment,0,5,1,50-64
1,128573,Executive,1,1,0,
0,132374,Marketing,0,3,0,
0,135164,Artist,9,3,0,50-64
1,165194,Artist,8,3,1,
1,126060,Doctor,1,3,0,
1,89366,Healthcare,9,3,0,65+
1,95172,Healthcare,1,5,0,50-64
0,95975,Executive,0,1,1,50-64
0,165573,Healthcare,0,7,0,50-64
1,180887,Entertainment,1,1,0,
0,142720,Executive,0,1,0,
0,113460,Lawyer,1,7,0,
1,110434,Artist,7,3,1,
0,146016,Artist,1,6,1,65+
1,101073,Executive,0,7,0,
0,62617,Artist,9,3,1,35-49
0,96028,Artist,0,5,1,50-64
0,186334,Artist,0,1,1,25-34
0,163473,Artist,0,1,0,50-64
1,89819,Artist,4,2,0,
0,69388,Engineer,3,4,1,50-64
0,134748,Marketing,1,6,0,
0,149915,Doctor,14,1,0,18-24
0,104098,Healthcare,1,6,1,
1,80160,Artist,8,5,1,65+
1,124125,Artist,1,2,0,
1,170226,Lawyer,0,3,1,
0,53306,Engineer,0,2,0,
1,103933,Executive,6,3,1,50-64
0,85401,Entertainment,4,6,1,65+
0,53812,Homemaker,9,5,1,18-24
0,60771,Entertainment,1,7,1,
0,56398,Entertainment,8,3,0,65+
0,171118,Engineer,9,3,0,65+
1,79806,Healthcare,0,5,0,65+
0,150187,Healthcare,0,5,1,
0,129455,Lawyer,0,3,1,35-49
0,116813,Entertainment,10,6,0,65+
0,95734,Homemaker,8,7,1,50-64
1,76654,Artist,4,1,1,25-34
1,86289,Artist,1,5,0,65+
1,176147,Healthcare,0,1,1,25-34
0,142351,Entertainment,0,7,0,
1,186673,Doctor,1,1,0,65+
0,131521,Artist,0,6,0,
0,50223,Entertainment,8,1,1,
0,74308,Entertainment,1,2,1,35-49
0,155881,Lawyer,0,7,1,35-49
0,168303,Executive,9,4,1,
1,182748,Engineer,1,7,0,35-49
0,52374,Artist,1,1,0,35-49
0,86154,Doctor,1,2,1,25-34
0,163612,Executive,0,5,0,50-64
0,64756,Marketing,10,1,1,50-64
1,185257,Artist,1,4,0,50-64
1,78669,Artist,1,7,0,50-64
1,164520,Artist,1,7,1,
0,92135,Homemaker,6,4,1,65+
1,103195,Doctor,0,7,0,18-24
0,161663,Executive,1,7,1,18-24
0,57039,Artist,2,6,1,65+
0,54754,Artist,0,2,1,
0,136531,Engineer,1,4,0,
1,120838,Artist,1,4,0,50-64
1,127927,Doctor,0,4,1,
1,164214,Lawyer,0,4,0,
0,145498,Artist,8,4,0,50-64
1,129215,Entertainment,9,6,0,
0,152429,Entertainment,0,2,0,
0,89252,Entertainment,0,5,1,
0,147447,Doctor,6,7,1,25-34
0,74467,Lawyer,5,1,1,
0,127410,Engineer,8,2,1,65+
1,91290,Healthcare,7,7,1,35-49
0,92812,Artist,5,7,0,50-64
0,170166,Artist,10,4,1,25-34
0,150823,Artist,4,1,0,25-34
1,95839,Executive,7,2,1,65+
0,60175,Executive,9,7,0,
0,153024,Artist,10,7,0,18-24
0,116858,Artist,5,7,0,
0,122961,Doctor,8,2,1,
1,141471,Artist,8,6,1,
1,76155,Healthcare,8,7,1,65+
1,108169,Executive,10,3,1,
0,139520,Artist,8,4,1,50-64
1,182631,Artist,5,3,0,50-64
0,177134,Healthcare,10,2,0,
0,181703,Lawyer,6,2,0,25-34
0,61917,Artist,7,2,1,
0,140648,Executive,9,7,1,
0,176783,Doctor,9,4,1,50-64
1,59741,Artist,10,5,0,65+
0,156567,Engineer,7,6,0,35-49
0,110309,Artist,6,2,1,25-34
0,111077,Artist,9,7,0,
0,170333,Entertainment,4,2,0,
1,183339,Artist,7,4,1,65+
0,84167,Artist,10,7,1,
0,184815,Lawyer,6,3,1,50-64
0,122556,Artist,9,7,0,35-49
0,174768,Entertainment,9,2,0,50-64
1,172309,Executive,4,1,0,65+
1,117920,Doctor,10,4,1,65+
1,134882,Artist,10,3,0,25-34
0,77259,Lawyer,6,6,1,50-64
1,170019,Artist,7,2,1,35-49
0,176884,Engineer,10,2,0,65+
0,106709,Marketing,10,2,0,
0,168723,Homemaker,7,2,1,
0,90228,Engineer,7,5,0,
0,89473,Lawyer,10,4,0,
1,131911,Healthcare,7,7,1,50-64
0,140107,Marketing,6,6,0,
0,170403,Artist,4,5,1,
0,51416,Artist,7,5,1,50-64
0,52648,Artist,5,2,1,
1,125471,Engineer,7,1,1,
0,106153,Artist,10,1,0,50-64
1,124785,Lawyer,7,2,1,
0,101474,Homemaker,10,2,1,18-24
0,141359,Healthcare,4,5,0,
0,57596,Artist,4,1,0,65+
0,78489,Artist,7,5,0,65+
1,112957,Executive,5,3,0,50-64
1,82377,Engineer,9,2,1,65+
1,82315,Engineer,6,1,0,65+
1,93253,Artist,4,5,0,
1,189650,Lawyer,8,4,0,18-24
0,114858,Artist,10,1,0,
0,62151,Artist,8,2,1,18-24
0,135159,Engineer,7,6,1,65+
0,126263,Marketing,6,3,0,
0,123064,Artist,10,4,1,65+
0,181773,Healthcare,8,1,1,25-34
1,171794,Artist,6,5,0,
0,156339,Homemaker,6,2,1,
1,65483,Marketing,10,7,0,
0,145654,Executive,6,3,1,35-49
0,91609,Entertainment,8,1,1,65+
0,53002,Lawyer,5,5,0,25-34
1,115699,Healthcare,9,1,0,
1,149609,Executive,9,2,1,25-34
0,165254,Executive,9,7,1,25-34
1,50418,Healthcare,5,1,1,35-49
1,103531,Artist,10,5,0,35-49
0,184060,Artist,10,5,0,65+
1,75961,Executive,5,7,0,18-24
1,174163,Artist,4,2,1,
0,105255,Executive,8,3,0,
1,51860,Lawyer,4,5,1,35-49
0,185218,Healthcare,4,6,0,25-34
1,189709,Artist,6,6,1,
0,134665,Artist,7,2,0,
1,91352,Doctor,7,3,1,
0,154623,Artist,6,6,1,
0,113767,Artist,6,2,0,18-24
1,160469,Lawyer,8,1,0,
0,99418,Artist,4,2,1,
1,56215,Healthcare,10,4,1,50-64
1,55639,Healthcare,8,1,0,
0,62504,Artist,10,4,0,
0,151382,Lawyer,1,1,1,18-24
0,156574,Marketing,0,7,0,
0,60998,Entertainment,1,7,1,
0,108509,Doctor,0,2,1,50-64
0,85540,Homemaker,9,1,1,65+
0,73915,Artist,11,2,1,35-49
1,148901,Healthcare,4,4,0,50-64
1,152602,Entertainment,0,1,0,
0,58999,Entertainment,7,3,1,50-64
0,133740,Artist,5,4,1,35-49
0,113217,Lawyer,9,1,1,18-24
0,60209,Artist,1,3,1,65+
0,145491,Entertainment,9,5,0,25-34
0,61393,Doctor,7,5,0,65+
0,133252,Artist,1,1,0,50-64
0,187234,Doctor,0,5,1,35-49
1,145563,Entertainment,9,6,0,
0,165810,Healthcare,3,5,1,35-49
1,125181,Artist,0,7,1,
0,56809,Healthcare,1,2,0,
1,69419,Healthcare,9,1,0,35-49
0,70689,Artist,1,4,0,65+
1,55011,Artist,1,7,0,50-64
0,87955,Engineer,0,2,0,
1,153660,Healthcare,0,5,1,65+
1,104494,Healthcare,6,4,1,25-34
1,184443,Executive,3,7,1,18-24
0,150778,Entertainment,1,7,1,
0,88729,Engineer,1,1,0,18-24
1,151902,Artist,0,2,1,
1,51604,Artist,0,2,1,18-24
0,157316,Artist,9,3,0,
0,125508,Artist,1,6,1,50-64
1,186157,Healthcare,1,1,0,50-64
0,169381,Entertainment,0,4,1,35-49
1,110195,Homemaker,9,2,1,65+
0,81199,Entertainment,1,2,0,50-64
0,58459,Executive,0,6,0,
0,173682,Artist,12,6,0,35-49
1,162983,Entertainment,0,6,1,18-24
1,94480,Executive,0,4,1,25-34
0,168710,Doctor,1,4,0,65+
1,150193,Engineer,2,2,0,
0,91823,Artist,1,4,0,65+
0,173091,Entertainment,6,2,1,18-24
1,102692,Healthcare,0,2,0,50-64
1,156812,Healthcare,0,6,0,
1,51468,Artist,0,3,1,65+
0,114071,Healthcare,0,2,1,
0,155638,Artist,1,4,0,50-64
1,129971,Artist,8,3,0,65+
0,104160,Engineer,4,4,0,65+
0,124995,Healthcare,0,1,0,65+
0,180437,Entertainment,1,5,1,65+
0,134644,Executive,1,2,0,18-24
0,130089,Artist,0,5,0,
1,149318,Artist,4,1,1,65+
1,125591,Healthcare,8,6,0,
0,173047,Healthcare,0,3,1,65+
0,61298,Artist,0,5,0,35-49
1,132993,Entertainment,8,2,0,65+
0,72313,Lawyer,1,5,1,65+
0,84885,Entertainment,6,5,1,25-34
1,126228,Marketing,8,2,0,35-49
1,51199,Executive,7,7,1,35-49
0,54631,Artist,0,6,0,35-49
0,131810,Healthcare,5,7,1,18-24
1,138482,Marketing,8,4,0,
1,74081,Healthcare,4,3,0,
1,112426,Engineer,9,6,0,
0,164038,Artist,5,4,0,50-64
0,53552,Marketing,7,6,0,65+
1,142147,Artist,8,4,0,
1,180324,Artist,9,2,1,
1,149067,Doctor,9,7,0,50-64
1,184408,Entertainment,6,7,1,25-34
0,59116,Artist,10,6,1,
0,174786,Executive,4,3,0,
1,71076,Artist,8,1,1,
0,56837,Healthcare,8,4,1,35-49
0,134752,Engineer,6,5,1,18-24
0,112887,Entertainment,9,6,0,65+
0,73128,Artist,7,5,0,
0,152765,Healthcare,8,1,1,
0,140637,Executive,8,7,1,35-49
1,137973,Healthcare,7,7,1,35-49
0,126791,Artist,6,4,1,
0,75125,Executive,8,3,0,
1,101718,Executive,8,3,1,
0,69654,Homemaker,4,4,1,
0,105935,Doctor,4,5,1,
1,74607,Healthcare,6,1,0,
1,151985,Healthcare,4,7,1,65+
1,76892,Executive,5,2,0,65+
1,87602,Executive,5,3,1,50-64
1,182317,Healthcare,8,6,1,65+
1,158280,Executive,6,7,0,
0,59905,Artist,7,5,0,18-24
0,128153,Artist,7,6,1,
1,142612,Doctor,4,6,0,50-64
0,180163,Doctor,10,7,1,
0,68009,Artist,9,3,1,
1,166183,Artist,7,6,0,50-64
1,132537,Doctor,5,3,1,65+
0,146308,Artist,5,1,1,65+
0,63454,Artist,5,5,1,50-64
1,110519,Artist,9,4,1,
0,66728,Healthcare,10,5,1,50-64
0,170638,Artist,4,5,0,50-64
1,129635,Artist,6,4,0,18-24
1,133587,Marketing,5,3,0,25-34
1,126225,Engineer,7,4,1,
0,148776,Artist,8,5,1,18-24
0,142602,Lawyer,7,6,0,
1,102413,Healthcare,5,5,1,35-49
1,68765,Entertainment,4,1,0,35-49
1,57522,Artist,10,5,0,
0,149237,Entertainment,8,6,0,50-64
0,184844,Entertainment,6,1,1,35-49
0,131656,Lawyer,9,6,1,35-49
0,181026,Marketing,6,2,1,
1,101698,Artist,9,3,0,50-64
0,152560,Entertainment,9,2,1,35-49
1,142502,Doctor,5,1,0,65+
0,155432,Engineer,4,6,1,
0,108544,Entertainment,4,5,1,65+
0,106530,Engineer,7,2,1,50-64
1,124359,Homemaker,7,7,0,65+
0,146970,Artist,7,6,0,
1,182176,Artist,9,5,0,50-64
0,114435,Artist,8,3,1,35-49
1,134213,Homemaker,8,4,1,65+
0,115580,Entertainment,8,5,0,
0,124034,Executive,10,2,0,65+
1,67894,Doctor,9,1,1,25-34
1,107099,Executive,4,6,0,50-64
1,140263,Entertainment,10,5,0,35-49
1,104249,Engineer,5,2,1,
1,168821,Executive,4,5,1,35-49
0,153145,Healthcare,8,6,0,
0,128960,Executive,9,4,1,35-49
1,127438,Engineer,7,2,0,50-64
1,125968,Lawyer,8,2,0,50-64
1,104589,Artist,10,2,0,
1,165321,Doctor,8,1,0,
0,86925,Artist,7,2,0,
0,149797,Artist,5,6,1,50-64
1,137094,Lawyer,4,1,0,25-34
0,55395,Marketing,10,1,1,50-64
0,153622,Lawyer,6,6,0,
1,74050,Entertainment,8,1,1,25-34
0,68094,Doctor,4,7,0,
1,59244,Artist,7,1,0,50-64
0,118944,Artist,4,4,0,50-64
0,75293,Doctor,6,7,0,35-49
0,166983,Artist,7,3,0,25-34
0,129444,Entertainment,5,6,0,
1,181183,Marketing,9,3,1,
0,175254,Artist,9,5,0,50-64
0,54121,Engineer,6,3,0,18-24
0,184387,Artist,8,7,1,65+
0,73158,Doctor,7,7,1,
1,90961,Healthcare,9,2,1,
1,182109,Executive,7,2,1,65+
1,110610,Entertainment,5,2,0,
